LEAID,LEA_NAME,FTE_TEACHERS_FIN,TEACH_AMOUNT,AVG_TEACH_SALARY,Incomplete,SCHID,SCH_NAME,SCH_ADDRESS,SCH_CITY,SCH_STATE,SCH_ZIP 
1100030,DISTRICT OF COLUMBIA PUBLIC SCHOOLS,13,912510,70193,,20,SHAW MS AT GARNET-PATTERSON,2001 10TH ST  NW,WASHINGTON,DC,20001
1100030,DISTRICT OF COLUMBIA PUBLIC SCHOOLS,26,2035595,78292,,24,SEATON ES,1503 10TH ST  NW,WASHINGTON,DC,20001
1100030,DISTRICT OF COLUMBIA PUBLIC SCHOOLS,38.05,2573217,67627,,70,WALKER-JONES EC,1125 New Jersey Avenue NW,WASHINGTON,DC,20001
1100030,DISTRICT OF COLUMBIA PUBLIC SCHOOLS,49,3507054,71573,,79,DUNBAR SHS,1301 NEW JERSEY AVE NW,WASHINGTON,DC,20001
1100030,DISTRICT OF COLUMBIA PUBLIC SCHOOLS,24,2129980,88749,,103,CLEVELAND ES,1825 8TH ST  NW,WASHINGTON,DC,20001
1100030,DISTRICT OF COLUMBIA PUBLIC SCHOOLS,29.5,2373774,80467,,153,BENJAMIN BANNEKER SHS,800 EUCLID ST  NW,WASHINGTON,DC,20001
1100031,KIPP DC,25,1557166,62287,,376,KIPP DC WILL ACADEMY PCS,421 P ST  NW,WASHINGTON,DC,20001
1100030,DISTRICT OF COLUMBIA PUBLIC SCHOOLS,15.74,992738,63071,,397,WASHINGTON METROPOLITAN HS,300 Bryant Street NW,WASHINGTON,DC,20001
1100007,COMMUNITY ACADEMY PCS,35,1778406,50812,,398,COMMUNITY ACADEMY PCS - AMOS III CAMPUS,"1400 1st Street, NW",WASHINGTON,DC,20001
1100073,CENTER CITY PCS,18,1454024,80779,,404,CENTER CITY SHAW CAMPUS PCS,711 N STREET NW,WASHINGTON,DC,20001
1100031,KIPP DC,20,1076976,53849,,432,KIPP DC GROW ACADEMY PCS,421 P STREET NW,WASHINGTON,DC,20001
Subtotal,,,," $767,699.00 ",,,,,,,
,,,,,,,,,,,
1100030,DISTRICT OF COLUMBIA PUBLIC SCHOOLS,40.25,3271418,81277,,4,MINER ES,601 15TH ST  NE,WASHINGTON,DC,20002
1100030,DISTRICT OF COLUMBIA PUBLIC SCHOOLS,24,1770399,73767,,34,MAURY ES,1250 CONSTITUTION AVE NE,WASHINGTON,DC,20002
1100030,DISTRICT OF COLUMBIA PUBLIC SCHOOLS,24,1792534,74689,,37,LUDLOW-TAYLOR ES,659 G ST  NE,WASHINGTON,DC,20002
1100030,DISTRICT OF COLUMBIA PUBLIC SCHOOLS,34,2732393,80365,,62,"WILSON, J.O. ES",660 K ST  NE,WASHINGTON,DC,20002
1100030,DISTRICT OF COLUMBIA PUBLIC SCHOOLS,32,2204264,68883,,68,WHEATLEY EC,1299 Neal Street  NE,WASHINGTON,DC,20002
1100030,DISTRICT OF COLUMBIA PUBLIC SCHOOLS,17.75,1693405,95403,,92,PROSPECT LC,920 F ST  NE,WASHINGTON,DC,20002
1100030,DISTRICT OF COLUMBIA PUBLIC SCHOOLS,37.5,3005639,80150,,130,SPINGARN SHS,2500 BENNING RD NE,WASHINGTON,DC,20002
1100030,DISTRICT OF COLUMBIA PUBLIC SCHOOLS,23.5,1668793,71012,,151,ELIOT-HINE MS,1830 CONSTITUTION AVE NE,WASHINGTON,DC,20002
1100030,DISTRICT OF COLUMBIA PUBLIC SCHOOLS,29,2312135,79729,,152,BROWNE EC,850 26TH ST  NE,WASHINGTON,DC,20002
1100030,DISTRICT OF COLUMBIA PUBLIC SCHOOLS,11,911265,82842,,156,PEABODY ES (CAPITOL HILL CLUSTER),425 C ST NE,WASHINGTON,DC,20002
1100030,DISTRICT OF COLUMBIA PUBLIC SCHOOLS,25,2002197,80088,,191,STUART-HOBSON MS,410 E ST NE,WASHINGTON,DC,20002
1100030,DISTRICT OF COLUMBIA PUBLIC SCHOOLS,6,350509,58418,,200,SPINGARN STAY,2500 BENNING RD NE,WASHINGTON,DC,20002
1100018,OPTIONS PCS,76,3879436,51045,,232,OPTIONS PCS,1375 E STREET NE,WASHINGTON,DC,20002
1100026,WASHINGTON MATH SCIENCE PCS,33.5,2145665,64050,,240,WASHINGTON MATH SCIENCE TECH PCS,1920 BLADENSHURG RD NE,WASHINGTON,DC,20002
1100030,DISTRICT OF COLUMBIA PUBLIC SCHOOLS,46.5,3443226,74048,,267,MCKINLEY TECHNOLOGY HS,151 T ST NE,WASHINGTON,DC,20002
1100045,TWO RIVERS PCS,57,3274388,57445,,279,TWO RIVERS PCS ES,1227 4TH ST NE,WASHINGTON,DC,20002
1100030,DISTRICT OF COLUMBIA PUBLIC SCHOOLS,7.5,615263,82035,,320,SCHOOL WINTHIN SCHOOL AT PEABODY,425 C ST. NE,DISTRICT OF COLUMBIA,DC,20002
1100008,FRIENDSHIP PCS,42,2412078,57430,,323,FRIENDSHIP PCS BLOW PIERCE,725 19TH ST  NE,WASHINGTON,DC,20002
1100012,IDEAL ACADEMY PCS,‡,‡,0,B,401,IDEAL ACADEMY PCS   NORTH CAPITOL STREET CAMPUS ES,6130 N CAPITOL STREET NW,WASHINGTON,DC,20002
1100073,CENTER CITY PCS,17,1324181,77893,,403,CENTER CITY TRINIDAD CAMPUS PCS,1217 W  VIRGINIA AVENUE NE,WASHINGTON,DC,20002
1100030,DISTRICT OF COLUMBIA PUBLIC SCHOOLS,29,1988500,68569,,407,PHELPS ACE HS,704 26TH STREET NE,WASHINGTON,DC,20002
1100030,DISTRICT OF COLUMBIA PUBLIC SCHOOLS,14,1359177,97084,,418,CHOICE ACADEMY MS/SHS,1401 BRENTWOOD PKWY. NE,WASHINGTON,DC,20002
1100045,TWO RIVERS PCS,0,0,0,,426,TWO RIVERS PCS MIDDLE SCHOOL,1234 4TH ST NE,WASHINGTON,DC,20002
1100054,APPLETREE EARLY LEARNING PCS,9,464044,51560,,435,APPLETREE EARLY LEARNING PCS OKLAHOMA AVE,330 21st St NE,WASHINGTON,DC,20002
1100030,DISTRICT OF COLUMBIA PUBLIC SCHOOLS,9.5,686353,72248,,99993,CAPITOL HILL MONTESSORI SCHOOL @ LOGAN,215 G Street NE,WASHINGTON,DC,20002
1100030,DISTRICT OF COLUMBIA PUBLIC SCHOOLS,33,2656236,80492,,99994,LANGLEY EC,101 T ST NE,WASHINGTON,DC,20002
1100054,APPLETREE EARLY LEARNING PCS,4,188601,47150,,99997,APPLETREE EARLY LEARNING PCS LINCOLN PARK,138 12TH ST NE,WASHINGTON,DC,20002
Subtotal,,,," $1,807,672.00 ",,,,,,,
,,,,,,,,,,,
1100030,DISTRICT OF COLUMBIA PUBLIC SCHOOLS,35.5,2924504,82380,,48,WATKINS ES (CAPITOL HILL CLUSTER),420 12TH ST  SE,WASHINGTON,DC,20003
1100030,DISTRICT OF COLUMBIA PUBLIC SCHOOLS,37,2714259,73358,,72,TYLER ES,1001 G ST  SE,WASHINGTON,DC,20003
1100030,DISTRICT OF COLUMBIA PUBLIC SCHOOLS,23,1606399,69843,,78,EASTERN SHS,1700 EAST CAPITOL ST NE,WASHINGTON,DC,20003
1100030,DISTRICT OF COLUMBIA PUBLIC SCHOOLS,24,1743077,72628,,113,BRENT ES,301 NORTH CAROLINA AVE  SE,WASHINGTON,DC,20003
1100030,DISTRICT OF COLUMBIA PUBLIC SCHOOLS,19.25,1615771,83936,,157,PAYNE ES,1445 C ST SE,WASHINGTON,DC,20003
1100008,FRIENDSHIP PCS,46,2732148,59395,,222,FRIENDSHIP PCS CHAMBERLAIN,1345 POTOMAC AVENUE SE,WASHINGTON,DC,20003
1100049,EAGLE ACADEMY PCS,29,2013687,69437,,278,EAGLE ACADEMY PCS  M STREET CAMPUS,770 M STREET SE,WASHINGTON,DC,20003
1100030,DISTRICT OF COLUMBIA PUBLIC SCHOOLS,15,1301245,86750,,296,YOUTH SERVICES CENTER,1000 MT OLIVET RD NE,WASHINGTON,DC,20003
1100064,ST. COLETTA SPECIAL EDUCATION PCS,25,1422091,56884,,367,ST  COLETTA SPECIAL EDUCATION PCS,1901 INDEPENDENCE AVE SE,WASHINGTON,DC,20003
1100030,DISTRICT OF COLUMBIA PUBLIC SCHOOLS,9,783137,87015,,385,INCARCERATED YOUTH PROGRAM,1901 D STREET SE,WASHINGTON,DC,20003
1100073,CENTER CITY PCS,27,1607160,59524,,393,CENTER CITY CAPITOL HILL CAMPUS PCS,1503 EAST CAPITOL STREET SE,WASHINGTON,DC,20003
1100049,EAGLE ACADEMY PCS,10,571130,57113,,434,EAGLE ACADEMY PCS NEW JERSEY AVENUE CAMPUS,1017 NEW JERSEY AVENUE SE,WASHINGTON,DC,20003
9999037,RICHARD WRIGHT PUBLIC CHARTER SCHOOL OF JOURNALISM AND MEDIA ARTS,46488,46000,1,,99999,RICHARD WRIGHT PUBLIC CHARTER SCHOOL OF JOURNALISM AND MEDIA ARTS,"770 M Street, SE, 2nd Floor",Washington,DC,20003
Subtotal,,,," $858,264.00 ",,,,,,,
,,,,,,,,,,,
1100030,DISTRICT OF COLUMBIA PUBLIC SCHOOLS,36,2672928,74248,,76,THOMSON ES,1200 L ST  NW,WASHINGTON,DC,20005
1100007,COMMUNITY ACADEMY PCS,25,1201788,48072,,370,COMMUNITY ACADEMY PCS - BUTLER CAMPUS,"5 Thomas Circle, NW",WASHINGTON,DC,20005
Subtotal,,,," $122,320.00 ",,,,,,,
,,,,,,,,,,,
1100030,DISTRICT OF COLUMBIA PUBLIC SCHOOLS,11.25,1003426,89193,,16,ELLINGTON SCHOOL OF THE ARTS,3500 R ST NW,WASHINGTON,DC,20007
1100030,DISTRICT OF COLUMBIA PUBLIC SCHOOLS,25,2092903,83716,,50,STODDERT ES,4001 CALVERT ST  NW,WASHINGTON,DC,20007
1100030,DISTRICT OF COLUMBIA PUBLIC SCHOOLS,21,1505024,71668,,180,HYDE-ADDISON ES,3219 O ST NW,WASHINGTON,DC,20007
1100030,DISTRICT OF COLUMBIA PUBLIC SCHOOLS,31.5,2489099,79019,,186,HARDY MS,1819 35TH ST  NW,WASHINGTON,DC,20007
Subtotal,,,," $323,596.00 ",,,,,,,
,,,,,,,,,,,
1100030,DISTRICT OF COLUMBIA PUBLIC SCHOOLS,37,2614627,70666,,1,MURCH ES,4810 36TH ST  NW,WASHINGTON,DC,20008
1100030,DISTRICT OF COLUMBIA PUBLIC SCHOOLS,34,2544345,74834,,96,EATON ES,3301 LOWELL ST  NW,WASHINGTON,DC,20008
1100030,DISTRICT OF COLUMBIA PUBLIC SCHOOLS,62,4667390,75280,,160,OYSTER-ADAMS BILINGUAL EC,2801 Calvert Street  NW,WASHINGTON,DC,20008
1100030,DISTRICT OF COLUMBIA PUBLIC SCHOOLS,18,1207590,67088,,183,HEARST ES,3950 37TH ST  NW,WASHINGTON,DC,20008
Subtotal,,,," $287,868.00 ",,,,,,,
,,,,,,,,,,,
1100030,DISTRICT OF COLUMBIA PUBLIC SCHOOLS,9.05,719421,79494,,27,ROSS ES,1730 R ST  NW,WASHINGTON,DC,20009
1100030,DISTRICT OF COLUMBIA PUBLIC SCHOOLS,30.5,2351732,77106,,32,MARIE REED ES,2201 18TH ST NW,WASHINGTON,DC,20009
1100030,DISTRICT OF COLUMBIA PUBLIC SCHOOLS,47.62,4209962,88406,,82,CARDOZO SHS @ MEYER,2501 11th ST  NW,WASHINGTON,DC,20009
1100030,DISTRICT OF COLUMBIA PUBLIC SCHOOLS,33.5,2247204,67081,,100,H.D. COOKE ES,2525 17th ST NW,WASHINGTON,DC,20009
1100030,DISTRICT OF COLUMBIA PUBLIC SCHOOLS,22,1813701,82441,,171,GARRISON ES,1200 S ST  NW,WASHINGTON,DC,20009
1100003,BOOKER T. WASHINGTON PCS,24,1392000,58000,,217,BOOKER T  WASHINGTON PCS,1346 FLORIDA AVENUE NW,WASHINGTON,DC,20009
1100015,MERIDIAN PCS,26,1320042,50771,,229,MERIDIAN PCS,1328 FORIDA AVENUE NW,WASHINGTON,DC,20009
1100017,THE NEXT STEP PCS,11,410432,37312,,231,NEXT STEP PCS,3047 15th Street NW,WASHINGTON,DC,20009
1100035,CAPITAL CITY PCS,32.8,1433839,43715,,253,CAPITAL CITY LOWER PCS,3047 15TH STREET NW,WASHINGTON,DC,20009
1100042,D.C. BILINGUAL PCS,28,1745320,62333,,273,D C  BILINGUAL PCS,1420 COLUMBIA ROAD NW,WASHINGTON,DC,20009
1100016,EDUCATION STRENGHTENS FAMILIES PCS,7,254967,0,,333,EDUCATION STRENGTHENS FAMILIES ESF PCS,2333 ONTARIO ROAD NW,WASHINGTON,DC,20009
1100054,APPLETREE EARLY LEARNING PCS,9,418483,46498,,415,APPLETREE EARLY LEARNING PCS COLUMBIA HEIGHTS,2750 14TH STREET NW,WASHINGTON,DC,20009
Subtotal,,,," $693,157.00 ",,,,,,,
,,,,,,,,,,,
1100030,DISTRICT OF COLUMBIA PUBLIC SCHOOLS,34,3020638,88842,,33,RAYMOND EC,915 SPRING RD NW,WASHINGTON,DC,20010
1100030,DISTRICT OF COLUMBIA PUBLIC SCHOOLS,43,3510851,81648,,74,TUBMAN ES,3101 13TH ST  NW,WASHINGTON,DC,20010
1100030,DISTRICT OF COLUMBIA PUBLIC SCHOOLS,39,2705576,69374,,110,BRUCE-MONROE ES @ PARK VIEW,3560 WARDER ST NW,WASHINGTON,DC,20010
1100030,DISTRICT OF COLUMBIA PUBLIC SCHOOLS,39,2863813,73431,,120,BANCROFT ES,1755 NEWTON ST  NW,WASHINGTON,DC,20010
1100009,ELSIE WHITLOW STOKES COMMUNTIY FREEDOM PCS,28,1443038,51537,,223,ELSIE WHITLOW STOKES COMMUNTIY FREEDOM PCS,3220 16TH STREET NW,WASHINGTON,DC,20010
1100043,E.L. HAYNES PCS,41,2246472,54792,,274,E L  HAYNES PCS GEORGIA AVENUE CAMPUS,3600 Georgia Avenue NW,WASHINGTON,DC,20010
1100030,DISTRICT OF COLUMBIA PUBLIC SCHOOLS,92.5,6222848,67274,,396,COLUMBIA HEIGHTS EC,3101 16TH ST  NW,WASHINGTON,DC,20010
1100035,CAPITAL CITY PCS,44.7,2306189,51593,,414,CAPITAL CITY UPPER PCS,3230 16TH STREET NW,WASHINGTON,DC,20010
9999035,Mundo Verde Bilingual Public Charter School,7,358083,51155,,99999,Mundo Verde Bilingual Public Charter School,3220 16th Street NW.,Washington,DC,20010
Subtotal,,,," $589,646.00 ",,,,,,,
,,,,,,,,,,,
1100030,DISTRICT OF COLUMBIA PUBLIC SCHOOLS,48,3519341,73320,,8,ROOSEVELT SHS,4301 13TH ST NW,WASHINGTON,DC,20011
1100030,DISTRICT OF COLUMBIA PUBLIC SCHOOLS,28.5,2312436,81138,,42,LASALLE-BACKUS EC,501 RIGGS ROAD NE,WASHINGTON,DC,20011
1100030,DISTRICT OF COLUMBIA PUBLIC SCHOOLS,29.5,2499192,84718,,65,WHITTIER EC,6201 5TH ST  NW,WASHINGTON,DC,20011
1100030,DISTRICT OF COLUMBIA PUBLIC SCHOOLS,19.5,1507925,77329,,67,WEST EC,1338 FARRAGUT ST  NW,WASHINGTON,DC,20011
1100030,DISTRICT OF COLUMBIA PUBLIC SCHOOLS,36.25,2393339,66023,,75,TRUESDELL EC,800 INGRAHAM ST  NW,WASHINGTON,DC,20011
1100030,DISTRICT OF COLUMBIA PUBLIC SCHOOLS,42,3073390,73176,,81,COOLIDGE SHS,6315 5TH ST  NW,WASHINGTON,DC,20011
1100030,DISTRICT OF COLUMBIA PUBLIC SCHOOLS,20.25,1851978,91456,,89,SHARPE HEALTH SCHOOL,4300 13TH ST NW,WASHINGTON,DC,20011
1100030,DISTRICT OF COLUMBIA PUBLIC SCHOOLS,17,1612441,94849,,90,MAMIE D. LEE SCHOOL,100 GALLATIN ST  NE,WASHINGTON,DC,20011
1100030,DISTRICT OF COLUMBIA PUBLIC SCHOOLS,49,3981010,81245,,112,BRIGHTWOOD EC,1300 NICHOLSON ST NW,WASHINGTON,DC,20011
1100030,DISTRICT OF COLUMBIA PUBLIC SCHOOLS,39,2863813,73431,,119,BARNARD ES (LINCOLN HILL),430 DECATUR ST NW,WASHINGTON,DC,20011
1100030,DISTRICT OF COLUMBIA PUBLIC SCHOOLS,32,2093590,65425,,125,POWELL ES,1350 UPSHUR ST NW,WASHINGTON,DC,20011
1100030,DISTRICT OF COLUMBIA PUBLIC SCHOOLS,20.75,1470332,70859,,141,MACFARLAND MS,4400 IOWA AVE NW,WASHINGTON,DC,20011
1100007,COMMUNITY ACADEMY PCS,40,1964010,49100,,221,COMMUNITY ACADEMY PCS - AMOS I CAMPUS,"1300 Allison Street, NW",WASHINGTON,DC,20011
1100010,HOSPITALITY PCS,17,1023359,60198,,224,HOSPITALITY PCS,4301 13TH STREET NW 3RD FLOOR,WASHINGTON,DC,20011
1100032,LATIN AMERICAN MONTESSORI BILINGUAL PUBLIC CHARTER SCHOOL (LAMB),22,1044136,47461,,247,LATIN AMERICAN MONTESSORI BILINGUAL PUBLIC CHARTER SCHOOL (LAMB),1375 MISSOURI AVENUE NW,WASHINGTON,DC,20011
1100039,PAUL JHS PCS,46,2189297,47593,,257,PAUL JHS PCS,5800 8TH STREET NW,WASHINGTON,DC,20011
1100030,DISTRICT OF COLUMBIA PUBLIC SCHOOLS,11.64,587210,50448,,264,ROOSEVELT STAY,4301 13TH ST  NW,WASHINGTON,DC,20011
1100044,MARY MCLEOD BETHUNE  PCS,33,1483181,44945,,275,MARY MCLEOD BETHUNE DAY ACADEMY PCS SLOWE CAMPUS,5413 16TH STREET NW,WASHINGTON,DC,20011
1100055,BRIDGES PCS,18,659470,36637,,305,BRIDGES PCS,1250 TAYLOR STREET NW,WASHINGTON,DC,20011
1100019,WASHINGTON LATIN PCS,28,1074239,38366,,324,WASHINGTON LATIN PCS   MIDDLE SCHOOL,41115 16TH ST NW,WASHINGTON,DC,20011
1100007,COMMUNITY ACADEMY PCS,10,473968,47397,,353,COMMUNITY ACADEMY PCS - AMOS II CAMPUS,"1351 Nicholson Street, NW",WASHINGTON,DC,20011
1100007,COMMUNITY ACADEMY PCS,21,1052940,50140,,361,COMMUNITY ACADEMY PCS - RAND CAMPUS,"33 Riggs Road, NE",WASHINGTON,DC,20011
1100007,COMMUNITY ACADEMY PCS,0,0,0,,380,COMMUNITY ACADEMY PCS - ONLINE,"1351 Nicholson Street, NW",WASHINGTON,DC,20011
1100051,HOPE COMMUNITY ACADEMY PCS,28,1427670,50988,,386,HOPE COMMUNITY PCS TOLSON CAMPUS,6200 KANSAS AVE NE,WASHINGTON,DC,20011
1100073,CENTER CITY PCS,22,1733083,78777,,395,CENTER CITY PETWORTH CAMPUS PCS,510 WEBSTER STREET NW,WASHINGTON,DC,20011
1100073,CENTER CITY PCS,26,1502324,57782,,400,CENTER CITY BRIGHTWOOD CAMPUS PCS,6008 GEORGIA AVENUE NW,WASHINGTON,DC,20011
1100019,WASHINGTON LATIN PCS,24,1316184,54841,,423,WASHINGTON LATIN PCS HIGH SCHOOL,4715 16TH ST NW,WASHINGTON,DC,20011
1100043,E.L. HAYNES PCS,57,3123149,54792,,433,E L  HAYNES PCS KANSAS AVENUE CAMPUS,4501 KANSAS AVENUE NW,WASHINGTON,DC,20011
Subtotal,,,," $1,702,434.00 ",,,,,,,
,,,,,,,,,,,
1100030,DISTRICT OF COLUMBIA PUBLIC SCHOOLS,26.25,2096039,79849,,11,TAKOMA EC,7010 PINEY BRANCH RD  NW,WASHINGTON,DC,20012
1100030,DISTRICT OF COLUMBIA PUBLIC SCHOOLS,25.5,2022483,79313,,30,SHEPHERD ES,7800 14TH ST  NW,WASHINGTON,DC,20012
Subtotal,,,," $159,162.00 ",,,,,,,
,,,,,,,,,,,
1100030,DISTRICT OF COLUMBIA PUBLIC SCHOOLS,47,3876177,82472,,45,LAFAYETTE ES,5701 BROAD BRANCH RD  NW,WASHINGTON,DC,20015
Subtotal,,,," $82,472.00 ",,,,,,,
,,,,,,,,,,,
1100030,DISTRICT OF COLUMBIA PUBLIC SCHOOLS,21.5,1602809,74549,,35,MANN ES,4430 NEWARK ST NW,WASHINGTON,DC,20016
1100030,DISTRICT OF COLUMBIA PUBLIC SCHOOLS,111.25,8487890,76296,,133,"WILSON, WOODROW HS",3950 CHESAPEAKE ST  NW,WASHINGTON,DC,20016
1100030,DISTRICT OF COLUMBIA PUBLIC SCHOOLS,65.5,4632278,70722,,138,DEAL MS,3815 FORT DR NW,WASHINGTON,DC,20016
1100030,DISTRICT OF COLUMBIA PUBLIC SCHOOLS,27,1999356,74050,,174,KEY ES,5001 DANA PL  NW,WASHINGTON,DC,20016
1100030,DISTRICT OF COLUMBIA PUBLIC SCHOOLS,36,2687419,74651,,179,JANNEY ES,4130 ALBEMARLE ST  NW,WASHINGTON,DC,20016
Subtotal,,,," $370,268.00 ",,,,,,,
,,,,,,,,,,,
1100030,DISTRICT OF COLUMBIA PUBLIC SCHOOLS,29,2483189,85627,,111,BROOKLAND EC @ BUNKER HILL,1401 MICHIGAN AVE NE,WASHINGTON,DC,20017
1100030,DISTRICT OF COLUMBIA PUBLIC SCHOOLS,16,1385970,86623,,198,LUKE C. MOORE HS,1001 MONROE ST NE,WASHINGTON,DC,20017
1100048,D.C. PREPARATORY ACADEMY PCS,30,1975872,65862,,277,D C  PREPARATORY EDGEWOOD MIDDLE CAMPUS PCS,701 EDGEWOOD STREET NE,WASHINGTON,DC,20017
1100051,HOPE COMMUNITY ACADEMY PCS,27,2162347,80087,,301,HOPE COMMUNITY PCS LAMOND CAMPUS,2917 8TH STREET NE,WASHINGTON,DC,20017
1100053,WILLIAM E. DOAR JR PCS,27.5,972127,35350,,303,WILLIAM E  DOAR JR WEDJ EDGEWOOD ELEMENTARY PCS,705 EDGEWOOD ST NE,WASHINGTON,DC,20017
1100060,POTOMAC LIGHTHOUSE PCS,18,1040866,57826,,310,POTOMAC LIGHTHOUSE PCS,1600 TAYLOR STREET NE,WASHINGTON,DC,20017
1100048,D.C. PREPARATORY ACADEMY PCS,33,1819060,55123,,388,D C  PREPARATORY EDGEWOOD ELEMENTARY CAMPUS PCS,707 EDGEWOOD ST NE,WASHINGTON,DC,20017
1100077,WASHINGTON YU YING PCS,23,1032398,44887,,411,WASHINGTON YU YING PCS,220 Taylor St. NE,WASHINGTON,DC,20017
1100053,WILLIAM E. DOAR JR PCS,5.67,336886,59416,,430,WILLIAM E  DOAR JR WEDJ EDGEWOOD MIDDLE AND UPPER,705 EDGEWOOD ST NE,WASHINGTON,DC,20017
Subtotal,,,," $570,801.00 ",,,,,,,
,,,,,,,,,,,
1100030,DISTRICT OF COLUMBIA PUBLIC SCHOOLS,27.5,2270070,82548,,44,LANGDON EC,1900 EVARTS ST  NE,WASHINGTON,DC,20018
1100030,DISTRICT OF COLUMBIA PUBLIC SCHOOLS,27.05,2181603,80651,,107,BURROUGHS EC,1820 MONROE ST  NE,WASHINGTON,DC,20018
1100030,DISTRICT OF COLUMBIA PUBLIC SCHOOLS,28.5,2222782,77992,,164,NOYES EC,2725 10TH ST  NE,WASHINGTON,DC,20018
1100030,DISTRICT OF COLUMBIA PUBLIC SCHOOLS,10.5,849598,80914,,188,MARSHALL ES,3100 FORT LINCOLN DR NE,WASHINGTON,DC,20018
1100011,PERRY STREET PREPARATORY PCS (FORMERLY HYDE LPCS),71,5077796,71518,,225,PERRY STREET PREPARATORY PCS (FORMERLY HYDE LPCS),1800 Perry Street NE,WASHINGTON,DC,20018
1100008,FRIENDSHIP PCS,33,1831571,55502,,341,FRIENDSHIP PCS WOODRIDGE CAMPUS,2959 CARLTON AVENUE NE,WASHINGTON,DC,20018
Subtotal,,,," $449,125.00 ",,,,,,,
,,,,,,,,,,,
1100030,DISTRICT OF COLUMBIA PUBLIC SCHOOLS,23,1426706,62031,,19,SOUSA MS,3650 Ely PL SE,WASHINGTON,DC,20019
1100030,DISTRICT OF COLUMBIA PUBLIC SCHOOLS,23.25,1722720,74095,,21,RON BROWN MS,4800 MEADE ST  NE,WASHINGTON,DC,20019
1100030,DISTRICT OF COLUMBIA PUBLIC SCHOOLS,11,734197,66745,,28,RIVER TERRACE ES,420 34TH ST  NE,WASHINGTON,DC,20019
1100030,DISTRICT OF COLUMBIA PUBLIC SCHOOLS,17.5,1439551,82260,,49,THOMAS ES,650 ANACOSTIA AVE NE,WASHINGTON,DC,20019
1100030,DISTRICT OF COLUMBIA PUBLIC SCHOOLS,53,4271451,80593,,55,"WOODSON, H.D. HS",540 55th Street SE,WASHINGTON,DC,20019
1100030,DISTRICT OF COLUMBIA PUBLIC SCHOOLS,15.49,1104315,71292,,64,SMOTHERS ES,4400 BROOKS ST  NE,WASHINGTON,DC,20019
1100030,DISTRICT OF COLUMBIA PUBLIC SCHOOLS,13.5,980267,72612,,97,DREW ES,5600 EADS ST NE,WASHINGTON,DC,20019
1100030,DISTRICT OF COLUMBIA PUBLIC SCHOOLS,13.5,983662,72864,,99,DAVIS ES,4430 H ST  SE,WASHINGTON,DC,20019
1100030,DISTRICT OF COLUMBIA PUBLIC SCHOOLS,31,2533383,81722,,106,BURRVILLE ES,801 DIVISION AVE  NE,WASHINGTON,DC,20019
1100030,DISTRICT OF COLUMBIA PUBLIC SCHOOLS,18.5,1582293,85529,,122,AITON ES,533 48TH PL NE,WASHINGTON,DC,20019
1100030,DISTRICT OF COLUMBIA PUBLIC SCHOOLS,14.5,1252769,86398,,126,PLUMMER ES,4601 TEXAS AVE  SE,WASHINGTON,DC,20019
1100030,DISTRICT OF COLUMBIA PUBLIC SCHOOLS,23,1718589,74721,,163,NALLE ES,219 50TH ST  SE,WASHINGTON,DC,20019
1100030,DISTRICT OF COLUMBIA PUBLIC SCHOOLS,21,1939260,92346,,173,KIMBALL ES,3375 MINNESOTA AVE  SE,WASHINGTON,DC,20019
1100030,DISTRICT OF COLUMBIA PUBLIC SCHOOLS,13,1114879,85760,,181,HOUSTON ES,1100 50TH PL  NE,WASHINGTON,DC,20019
1100030,DISTRICT OF COLUMBIA PUBLIC SCHOOLS,14,990083,70720,,185,C.W. HARRIS ES,301 53RD ST SE,WASHINGTON,DC,20019
1100001,ARTS AND TECHNOLOGY PCS,49,3022162,61677,,215,ARTS AND TECHNOLOGY PCS,5300 BLAINE STREET NE,WASHINGTON,DC,20019
1100013,INTEGRATED DESIGN ELECTRONICS ACADEMY (IDEA),35,2464668,70419,,227,INTEGRATED DESIGN ELECTRONICS ACADEMY IDEA PCS,1027 45TH STREET NE,WASHINGTON,DC,20019
1100022,SEED PCS,45,4199957,93332,,236,SEED PCS,4300 C STREET SE,WASHINGTON,DC,20019
1100031,KIPP DC,31,1872475,60402,,246,KIPP DC KEY ACADEMY PCS,4801 BENNING ROAD SE,WASHINGTON,DC,20019
1100030,DISTRICT OF COLUMBIA PUBLIC SCHOOLS,29,1873590,64607,,272,KELLY MILLER MS,301 49TH ST  NE,WASHINGTON,DC,20019
1100066,SEPTIMA CLARK PCS,23,1092613,47505,,318,SEPTIMA CLARK PCS,4625 G STREET SE,WASHINGTON,DC,20019
1100008,FRIENDSHIP PCS,70,4604751,65782,,338,FRIENDSHIP PCS WOODSON COLLEGIATE CAMPUS,4095 MINNESOTA AVENUE NE,WASHINGTON,DC,20019
1100031,KIPP DC,26,1451768,55837,,375,KIPP DC LEAP ACADEMY PCS,4801 BENNING ROAD SE,WASHINGTON,DC,20019
1100048,D.C. PREPARATORY ACADEMY PCS,30,1581532,52718,,387,D C  PREPARATORY BENNING CAMPUS PCS,100 41ST STREET NE,WASHINGTON,DC,20019
1100014,MAYA ANGELOU PCS,33,1785161,54096,,391,MAYA ANGELOU   EVANS CAMPUS PCS,5600 EAST CAPITOL STREET NE,WASHINGTON,DC,20019
1100014,MAYA ANGELOU PCS,23,1189739,51728,,392,MAYA ANGELOU   MIDDLE CAMPUS PCS,5600 EAST CAPITOL STREET NE,WASHINGTON,DC,20019
1100031,KIPP DC,25,1374890,54996,,419,KIPP DC PROMISE PCS,4801 BENNING ROAD SE,WASHINGTON,DC,20019
1100030,DISTRICT OF COLUMBIA PUBLIC SCHOOLS,11.5,992633,86316,,99995,KENILWORTH ES,1300 44TH ST NE,WASHINGTON,DC,20019
Subtotal,,,," $1,979,103.00 ",,,,,,,
,,,,,,,,,,,
1100030,DISTRICT OF COLUMBIA PUBLIC SCHOOLS,24,2042186,85091,,2,MOTEN ES AT WILKINSON,2330 POMEROY RD SE,WASHINGTON,DC,20020
1100030,DISTRICT OF COLUMBIA PUBLIC SCHOOLS,22,1386595,63027,,13,STANTON ES,2701 NAYLOR RD  SE,WASHINGTON,DC,20020
1100030,DISTRICT OF COLUMBIA PUBLIC SCHOOLS,23,2099939,91302,,25,SAVOY ES,2400 SHANNON PL SE,WASHINGTON,DC,20020
1100030,DISTRICT OF COLUMBIA PUBLIC SCHOOLS,24,1748403,72850,,29,RANDLE HIGHLANDS ES,1650 30TH ST  SE,WASHINGTON,DC,20020
1100030,DISTRICT OF COLUMBIA PUBLIC SCHOOLS,23,1793207,77966,,61,WINSTON EC,3100 ERIE ST  SE,WASHINGTON,DC,20020
1100030,DISTRICT OF COLUMBIA PUBLIC SCHOOLS,58,3797923,65481,,85,ANACOSTIA SHS,1601 16TH ST  SE,WASHINGTON,DC,20020
1100030,DISTRICT OF COLUMBIA PUBLIC SCHOOLS,34.5,2735022,79276,,118,BEERS ES,3600 ALABAMA AVE  SE,WASHINGTON,DC,20020
1100030,DISTRICT OF COLUMBIA PUBLIC SCHOOLS,19.25,1311906,68151,,143,KRAMER MS,1700 Q ST  SE,WASHINGTON,DC,20020
1100030,DISTRICT OF COLUMBIA PUBLIC SCHOOLS,22,1774500,80659,,144,"JOHNSON, JOHN HAYDEN MS",1400 BRUCE PL SE,WASHINGTON,DC,20020
1100030,DISTRICT OF COLUMBIA PUBLIC SCHOOLS,24,1748408,72850,,161,ORR ES,2200 MINNESOTA AVE  SE,WASHINGTON,DC,20020
1100030,DISTRICT OF COLUMBIA PUBLIC SCHOOLS,17,1299092,76417,,165,GARFIELD ES,2435 ALABAMA AVE  SE,WASHINGTON,DC,20020
1100030,DISTRICT OF COLUMBIA PUBLIC SCHOOLS,19,1372096,72216,,176,KETCHAM ES,1919 15TH ST  SE,WASHINGTON,DC,20020
1100029,HOWARD ROAD ACADEMY PCS,31,1824050,58840,,245,HOWARD ROAD ACADEMY PCS   MAIN CAMPUS,701 HOWARD ROAD SE,WASHINGTON,DC,20020
1100034,THURGOOD MARSHALL ACADEMY PCS,30.5,1717000,56295,,249,THURGOOD MARSHALL ACADEMY PCS,2427 MARTIN LUTHER K JR AV SE,WASHINGTON,DC,20020
1100031,KIPP DC,24,1541219,64217,,381,KIPP DC AIM PCS ACADEMY PCS,2600 DOUGLASS ROAD SE,WASHINGTON,DC,20020
1100029,HOWARD ROAD ACADEMY PCS,11,526071,47825,,389,HOWARD ROAD ACADEMY PCS PENNSYLVANIA AVENUE,3000 PENNSYLVANIA AV SE,WASHINGTON,DC,20020
1100031,KIPP DC,25,1646315,65853,,421,KIPP DC COLLEGE PREP PCS,2600 DOUGLASS ROAD SE,WASHINGTON,DC,20020
1100029,HOWARD ROAD ACADEMY PCS,7.8,370088,47447,,425,HOWARD ROAD ACADEMY PCS MLK CAMPUS,2405 ML KING AVE SE,WASHINGTON,DC,20020
1100031,KIPP DC,26,1384730,53259,,427,KIPP DC DISCOVER PCS,2600 DOUGLASS ROAD SE,WASHINGTON,DC,20020
1100054,APPLETREE EARLY LEARNING PCS,5,274134,54827,,99998,APPLETREE EARLY LEARNING PCS PARKLANDS,2011 SAVANNAH STREET SE,WASHINGTON,DC,20020
1100031,KIPP DC,10,548593,54859,,99999,KIPP DC HEIGHTS ACADEMY,2600 DOUGLASS ROAD SE,WASHINGTON,DC,20020
1100054,APPLETREE EARLY LEARNING PCS,5,242649,48530,,99999,APPLETREE EARLY LEARNING PCS DOUGLAS KNOLL,2017 SAVANNAH TERRACE SE,WASHINGTON,DC,20020
Subtotal,,,," $1,457,238.00 ",,,,,,,
,,,,,,,,,,,
1100030,DISTRICT OF COLUMBIA PUBLIC SCHOOLS,17.05,1254579,73582,,121,AMIDON-BOWEN ES,401 EYE ST SW,WASHINGTON,DC,20024
1100030,DISTRICT OF COLUMBIA PUBLIC SCHOOLS,18.5,1458243,78824,,145,JEFFERSON MS,801 7TH ST  SW,WASHINGTON,DC,20024
1100054,APPLETREE EARLY LEARNING PCS,3,140320,46773,,304,APPLETREE EARLY LEARNING PCS RIVERSIDE,680 I STREET SW,WASHINGTON,DC,20024
1100054,APPLETREE EARLY LEARNING PCS,3,143421,47807,,413,APPLETREE EARLY LEARNING PCS AMIDON,401 I STREET SW,WASHINGTON,DC,20024
Subtotal,,,," $246,986.00 ",,,,,,,
,,,,,,,,,,,
1100030,DISTRICT OF COLUMBIA PUBLIC SCHOOLS,19,1750380,92125,,10,M.C. TERRELL ES,3301 WHEELER RD SE,WASHINGTON,DC,20032
1100030,DISTRICT OF COLUMBIA PUBLIC SCHOOLS,16.5,1150584,69732,,36,MALCOLM X ES,1351 ALABAMA AVE SE,WASHINGTON,DC,20032
1100030,DISTRICT OF COLUMBIA PUBLIC SCHOOLS,28,2185209,78043,,41,LECKIE ES,4201 M L  KING AVE  SW,WASHINGTON,DC,20032
1100030,DISTRICT OF COLUMBIA PUBLIC SCHOOLS,21,1533393,73019,,54,SIMON ES,401 MISSISSIPPI AVE  SE,WASHINGTON,DC,20032
1100030,DISTRICT OF COLUMBIA PUBLIC SCHOOLS,19,1602227,84328,,69,FEREBEE-HOPE ES,3999 8TH ST SE,WASHINGTON,DC,20032
1100030,DISTRICT OF COLUMBIA PUBLIC SCHOOLS,19,1590025,83686,,73,TURNER ES AT GREEN,1500 MISSISSIPPI AVE  SE,WASHINGTON,DC,20032
1100030,DISTRICT OF COLUMBIA PUBLIC SCHOOLS,95.5,6140558,64299,,84,BALLOU SHS,3401 4TH ST  SE,WASHINGTON,DC,20032
1100030,DISTRICT OF COLUMBIA PUBLIC SCHOOLS,21,1804976,85951,,102,"KING, M.L. ES",3200 6TH ST SE,WASHINGTON,DC,20032
1100030,DISTRICT OF COLUMBIA PUBLIC SCHOOLS,34,2305604,67812,,135,HART MS,601 MISSISSIPPI AVE  SE,WASHINGTON,DC,20032
1100030,DISTRICT OF COLUMBIA PUBLIC SCHOOLS,25,2063695,82548,,158,PATTERSON ES,4399 SOUTH CAPITOL TERR  SW,WASHINGTON,DC,20032
1100030,DISTRICT OF COLUMBIA PUBLIC SCHOOLS,22,1927261,87603,,182,HENDLEY ES,425 CHESAPEAKE ST  SE,WASHINGTON,DC,20032
1100030,DISTRICT OF COLUMBIA PUBLIC SCHOOLS,15,1065018,71001,,207,BALLOU STAY,3401 4TH ST SE,WASHINGTON,DC,20032
1100057,EARLY CHILDHOOD ACADEMY PCS,6,336264,56044,,307,EARLY CHILDHOOD ACADEMY PCS,4301 9TH STREET SE,WASHINGTON,DC,20032
1100008,FRIENDSHIP PCS,33,1935492,58651,,382,FRIENDSHIP PCS SOUTHEAST ACADEMY,"645 Milwaukee Place, SE",WASHINGTON,DC,20032
1100072,ACHIEVEMENT PREPARATORY ACADEMY PCS,19,1276531,67186,,405,ACHIEVEMENT PREPARATORY ACADEMY PCS,908 WAHLER PL  SE,WASHINGTON,DC,20032
1100076,EXCEL ACADEMY PCS,44,2434756,55335,,408,EXCEL ACADEMY PCS,3845 S CAPITOL STREET SW,WASHINGTON,DC,20032
1100073,CENTER CITY PCS,24,1434718,59780,,412,CENTER CITY CONGRESS HEIGHTS CAMPUS PCS,220 HIGH VIEW PLACE SE,WASHINGTON,DC,20032
1100008,FRIENDSHIP PCS,27,1651123,61153,,422,FRIENDSHIP PCS TECH PREP,620 MILWAUKEE PLACE SE,WASHINGTON,DC,20032
1100079,NATIONAL COLLEGIATE PREP,22,1213528,55160,,424,NATIONAL COLLEGIATE ACADEMY,908 WAHLER PLACE SE,WASHINGTON,DC,20032
1100057,EARLY CHILDHOOD ACADEMY PCS,7,392308,56044,,431,EARLY CHILDHOOD ACADEMY PCS JOHENNING CAMPUS,4025 9TH STREET SE,WASHINGTON,DC,20032
Subtotal,,,," $1,409,500.00 ",,,,,,,
,,,,,,,,,,,
1100030,DISTRICT OF COLUMBIA PUBLIC SCHOOLS,34,2825356,83099,,131,SCHOOL WITHOUT WALLS SHS,2130 G ST NW,WASHINGTON,DC,20037
1100030,DISTRICT OF COLUMBIA PUBLIC SCHOOLS,20,1736501,86825,,149,FRANCIS-STEVENS EC,2425 N ST NW,WASHINGTON,DC,20037
Subtotal,,,," $169,924.00 ",,,,,,,
,,,,,,,,,,,
1100058,HOWARD UNIVERSITY MIDDLE SCHOOL OF MATH & SCIENCE,22,1404192,63827,,308,HOWARD UNIVERSITY MIDDLE SCHOOL OF MATH AND SCIENC,405 HOWARD PLACE NW,WASHINGTON,DC,20059
Subtotal,,,," $63,827.00 ",,,,,,,
,,,,,,,,,,,
11DOJ02,DEPARTMENT OF YOUTH REHABILITATION SERVICES,15,720917,48061,,99999,DYRS SCHOOL AT NEW BEGINNINGS YOUTH DEV'T CENTER,8400 River Road,Laurel,MD,20724
Subtotal,,,," $48,061.00 ",,,,,,,
